Step,Loss
0,1.8153133392333984
1,1.6024773120880127
2,1.5075562000274658
3,1.541411280632019
4,1.5353012084960938
5,1.545318603515625
6,1.3931586742401123
7,1.336120843887329
8,1.3797070980072021
9,1.3257957696914673
10,1.2851145267486572
11,1.247921347618103
12,1.313413143157959
13,1.2856844663619995
14,1.2352263927459717
15,1.3750529289245605
16,1.3412809371948242
17,1.360987901687622
18,1.3908787965774536
19,1.3623400926589966
20,1.4000424146652222
21,1.3702236413955688
22,1.3424993753433228
23,1.3058347702026367
24,1.2898633480072021
25,1.2779536247253418
26,1.2490973472595215
27,1.3719700574874878
28,1.428523063659668
29,1.487673282623291
30,1.4446799755096436
31,1.4793107509613037
32,1.4677752256393433
33,1.4876315593719482
34,1.5887430906295776
35,1.5686529874801636
36,1.5605273246765137
37,1.5718542337417603
38,1.565247654914856
39,1.5620726346969604
40,1.638456106185913
41,1.638456106185913
42,1.638456106185913
43,1.638456106185913
44,1.638456106185913
45,1.638456106185913
46,1.5950770378112793
47,1.5625392198562622
48,1.595068097114563
49,1.5888381004333496
50,1.5888381004333496
51,1.591643214225769
52,1.591643214225769
53,1.591643214225769
54,1.591643214225769
55,1.591643214225769
56,1.5769493579864502
57,1.604121446609497
58,1.604121446609497
59,1.604121446609497
60,1.604121446609497
61,1.604121446609497
62,1.604121446609497
63,1.604121446609497
64,1.604121446609497
65,1.604121446609497
66,1.604121446609497
67,1.604121446609497
68,1.604121446609497
69,1.604121446609497
70,1.604121446609497
71,1.604121446609497
72,1.604121446609497
73,1.604121446609497
74,1.604121446609497
75,1.604121446609497
76,1.604121446609497
77,1.604121446609497
78,1.604121446609497
79,1.604121446609497
80,1.6255950927734375
81,1.6255950927734375
82,1.623655080795288
83,1.623655080795288
84,1.6151537895202637
85,1.5917774438858032
86,1.5144904851913452
87,1.4611566066741943
88,1.4480863809585571
89,1.4354015588760376
90,1.4370224475860596
91,1.4369527101516724
92,1.4376670122146606
93,1.4166098833084106
94,1.376631259918213
95,1.3907866477966309
96,1.3859992027282715
97,1.3598514795303345
98,1.3555196523666382
99,1.3548864126205444
100,1.3323251008987427
101,1.3323251008987427
102,1.2897928953170776
103,1.3080275058746338
104,1.2526378631591797
105,1.1690986156463623
106,1.1341958045959473
107,1.134564995765686
108,1.121667742729187
109,1.1264150142669678
110,1.1264150142669678
111,1.1232705116271973
112,1.1262110471725464
113,1.1041234731674194
114,1.1230860948562622
115,1.1055222749710083
116,1.108940839767456
117,1.0929152965545654
118,1.12119460105896
119,1.1338759660720825
120,1.0964524745941162
121,1.17738676071167
122,1.1416422128677368
123,1.375706434249878
124,1.3852183818817139
125,1.298113465309143
126,1.2813369035720825
127,1.2571940422058105
128,1.28700590133667
129,1.258859395980835
130,1.3636118173599243
131,1.3514151573181152
132,1.349776268005371
133,1.3077291250228882
134,1.3715095520019531
135,1.3178294897079468
136,1.3345425128936768
137,1.2484946250915527
138,1.3250632286071777
139,1.2961348295211792
140,1.3607436418533325
141,1.4130198955535889
142,1.2730333805084229
143,1.2192950248718262
144,1.186301827430725
145,1.181896448135376
146,1.2212227582931519
147,1.2434163093566895
148,1.2615971565246582
149,1.2162922620773315
150,1.1497961282730103
151,1.1786288022994995
152,1.19138765335083
153,1.2114380598068237
154,1.2033098936080933
155,1.3709968328475952
156,1.341658115386963
157,1.4631656408309937
158,1.5218745470046997
159,1.4652507305145264
160,1.4900223016738892
161,1.482522964477539
162,1.4329217672348022
163,1.3771026134490967
164,1.3773221969604492
165,1.405895709991455
166,1.3826913833618164
167,1.3720438480377197
168,1.3974918127059937
169,1.4052149057388306
170,1.395383596420288
171,1.436404824256897
172,1.3868845701217651
173,1.455703854560852
174,1.3962600231170654
175,1.443930745124817
176,1.3821107149124146
177,1.3452826738357544
178,1.3567808866500854
179,1.3246098756790161
180,1.3847171068191528
181,1.3631242513656616
182,1.4854400157928467
183,1.6208446025848389
184,1.5024440288543701
185,1.5201255083084106
186,1.4352771043777466
187,1.5782935619354248
188,1.4747323989868164
189,1.5321241617202759
190,1.5540484189987183
191,1.6513688564300537
192,1.6376605033874512
193,1.6066879034042358
194,1.5606272220611572
195,1.5159902572631836
196,1.5289701223373413
197,1.4634827375411987
198,1.549309492111206
199,1.517144799232483
200,1.4687519073486328
201,1.4793905019760132
202,1.4940910339355469
203,1.4286952018737793
204,1.3799887895584106
205,1.3797672986984253
206,1.3823974132537842
207,1.3771227598190308
208,1.2684662342071533
209,1.1712957620620728
210,1.1329718828201294
211,1.0943104028701782
212,1.0825964212417603
213,1.0825964212417603
214,1.0362852811813354
215,1.0169638395309448
216,1.22719144821167
217,1.3304418325424194
218,1.228329062461853
219,1.2473273277282715
220,1.207797884941101
221,1.1560757160186768
222,1.1272004842758179
223,1.1209861040115356
224,1.0890414714813232
225,1.120418906211853
226,1.2930210828781128
227,1.237604022026062
228,1.1911349296569824
229,1.1823840141296387
230,1.094553828239441
231,1.1285967826843262
232,1.1751803159713745
233,1.2189017534255981
234,1.1525284051895142
235,1.1850718259811401
236,1.2725036144256592
237,1.2279800176620483
238,1.2433642148971558
239,1.317633032798767
240,1.3686044216156006
241,1.4014837741851807
242,1.331352949142456
243,1.3701518774032593
244,1.2372666597366333
245,1.2840194702148438
246,1.298747181892395
247,1.202396273612976
248,1.375370740890503
249,1.3234248161315918
250,1.3717983961105347
251,1.3596187829971313
252,1.2708632946014404
253,1.3097031116485596
254,1.3838458061218262
255,1.4189552068710327
256,1.409769058227539
257,1.3667635917663574
258,1.4109727144241333
259,1.4050068855285645
260,1.4223192930221558
261,1.5226690769195557
262,1.4597457647323608
263,1.5128241777420044
264,1.481813669204712
265,1.481813669204712
266,1.481813669204712
267,1.481813669204712
268,1.481813669204712
269,1.481813669204712
270,1.481813669204712
271,1.481813669204712
272,1.481813669204712
273,1.481813669204712
274,1.5206366777420044
275,1.4601750373840332
276,1.4598349332809448
277,1.4669346809387207
278,1.4845967292785645
279,1.461298942565918
280,1.5592941045761108
281,1.5238869190216064
282,1.4647070169448853
283,1.5795093774795532
284,1.4526082277297974
285,1.4730490446090698
286,1.3879482746124268
287,1.4404973983764648
288,1.4898409843444824
289,1.4433261156082153
290,1.4144850969314575
291,1.4264535903930664
292,1.3857805728912354
293,1.4496060609817505
294,1.4022490978240967
295,1.3959563970565796
296,1.5037795305252075
297,1.4663735628128052
298,1.5333846807479858
299,1.4878543615341187
300,1.525666356086731
301,1.4963265657424927
302,1.5222511291503906
303,1.4011290073394775
304,1.371965765953064
305,1.425110101699829
306,1.4168778657913208
307,1.4603015184402466
308,1.5136703252792358
309,1.525589942932129
310,1.5344955921173096
311,1.4707683324813843
312,1.5652579069137573
313,1.4933468103408813
314,1.6055396795272827
315,1.5532405376434326
316,1.5453155040740967
317,1.512722373008728
318,1.6341090202331543
319,1.6306312084197998
320,1.4466251134872437
321,1.4352999925613403
322,1.4423339366912842
323,1.5063189268112183
324,1.4136494398117065
325,1.6592258214950562
326,1.6673237085342407
327,1.5958255529403687
328,1.6404742002487183
329,1.6404742002487183
330,1.6276421546936035
331,1.6276421546936035
332,1.5990313291549683
333,1.4873337745666504
334,1.3645490407943726
335,1.3645490407943726
336,1.3402200937271118
337,1.3319441080093384
338,1.3289533853530884
339,1.3355414867401123
340,1.281814455986023
341,1.2333258390426636
342,1.3481823205947876
343,1.2397027015686035
344,1.2730334997177124
345,1.28468918800354
346,1.2658860683441162
347,1.2094272375106812
348,1.2094272375106812
349,1.2202262878417969
350,1.2392950057983398
351,1.2481615543365479
352,1.2320977449417114
353,1.2600280046463013
354,1.2573175430297852
355,1.2423557043075562
356,1.2683502435684204
357,1.2198493480682373
358,1.2031971216201782
359,1.22126305103302
360,1.1622836589813232
361,1.145492672920227
362,1.107068419456482
363,1.031742811203003
364,0.9777870178222656
365,0.9713069796562195
366,0.9652072787284851
367,0.9567340016365051
368,0.9550430774688721
369,0.9285760521888733
370,0.9623218774795532
371,0.9326001405715942
372,0.9131078720092773
373,0.8776491284370422
374,0.7680850625038147
375,0.7680850625038147
376,0.7680850625038147
377,0.7680850625038147
378,0.7680850625038147
379,0.7680850625038147
380,0.7680850625038147
381,0.7642653584480286
382,0.7642653584480286
383,0.7642653584480286
384,0.7642653584480286
385,0.7642653584480286
386,0.7642653584480286
387,0.7380877733230591
388,0.8804448843002319
389,0.9632654786109924
390,1.0224038362503052
391,1.0962746143341064
392,1.0827354192733765
393,1.184867024421692
394,1.2377911806106567
395,1.1464502811431885
396,1.3148385286331177
397,1.2269997596740723
398,1.4658441543579102
399,1.5261893272399902
400,1.438241720199585
401,1.384405493736267
402,1.358298420906067
403,1.3830041885375977
404,1.3624593019485474
405,1.3787286281585693
406,1.3086705207824707
407,1.5029773712158203
408,1.6129822731018066
409,1.538585901260376
410,1.5650655031204224
411,1.5194560289382935
412,1.557164192199707
413,1.5467238426208496
414,1.4984538555145264
415,1.5602895021438599
416,1.5768616199493408
417,1.5768616199493408
418,1.5881037712097168
419,1.5807017087936401
420,1.5807017087936401
421,1.5969923734664917
422,1.5969923734664917
423,1.516187071800232
424,1.5372581481933594
425,1.466026782989502
426,1.4287477731704712
427,1.4670233726501465
428,1.3789156675338745
429,1.4913073778152466
430,1.4234141111373901
431,1.416338324546814
432,1.4740564823150635
433,1.4783965349197388
434,1.4290261268615723
435,1.4411156177520752
436,1.5048567056655884
437,1.4610892534255981
438,1.4653403759002686
439,1.4851542711257935
440,1.5058764219284058
441,1.490848422050476
442,1.4438506364822388
443,1.4838054180145264
444,1.432472586631775
445,1.445763111114502
446,1.5041927099227905
447,1.579169511795044
448,1.398514747619629
449,1.5055269002914429
450,1.54306161403656
451,1.5072482824325562
452,1.4900100231170654
453,1.463191270828247
454,1.4021669626235962
455,1.4563905000686646
456,1.4934226274490356
457,1.4939364194869995
458,1.5774750709533691
459,1.5917094945907593
460,1.6200449466705322
461,1.5811142921447754
462,1.5755749940872192
463,1.5847680568695068
464,1.6023799180984497
465,1.6148945093154907
466,1.5542515516281128
467,1.516681432723999
468,1.7553176879882812
469,1.70072340965271
470,1.5815589427947998
471,1.5189975500106812
472,1.5511324405670166
473,1.4997529983520508
474,1.527443528175354
475,1.5039995908737183
476,1.4261176586151123
477,1.3913122415542603
478,1.4518232345581055
479,1.5419741868972778
480,1.5906370878219604
481,1.5868685245513916
482,1.5579081773757935
483,1.5958621501922607
484,1.6056480407714844
485,1.378686785697937
486,1.4174144268035889
487,1.4827849864959717
488,1.4567006826400757
489,1.4244662523269653
490,1.475014328956604
491,1.5922837257385254
492,1.572082757949829
493,1.546242117881775
494,1.643052101135254
495,1.5829664468765259
496,1.5070738792419434
497,1.4368720054626465
498,1.3465354442596436
499,1.3215619325637817
500,1.2459502220153809
501,1.3606703281402588
502,1.3184798955917358
503,1.2547359466552734
504,1.2134257555007935
505,1.1695119142532349
506,1.2164684534072876
507,1.2221829891204834
508,1.3498644828796387
509,1.3668129444122314
510,1.4300354719161987
511,1.5481280088424683
512,1.5269948244094849
513,1.507294774055481
514,1.4692274332046509
515,1.441859245300293
516,1.4027053117752075
517,1.3951152563095093
518,1.3705283403396606
519,1.3705016374588013
520,1.3823455572128296
521,1.3464607000350952
522,1.4085259437561035
523,1.434888243675232
524,1.377298355102539
525,1.3981741666793823
526,1.3221409320831299
527,1.4179750680923462
528,1.4292693138122559
529,1.5656400918960571
530,1.595076322555542
531,1.6287847757339478
532,1.5971425771713257
533,1.4723495244979858
534,1.5188342332839966
535,1.4944257736206055
536,1.4469717741012573
537,1.4516524076461792
538,1.3800805807113647
539,1.3749701976776123
540,1.4229487180709839
541,1.3828710317611694
542,1.4853997230529785
543,1.4001035690307617
544,1.4137005805969238
545,1.394431233406067
546,1.4613921642303467
547,1.4350749254226685
548,1.443170428276062
549,1.514227271080017
550,1.425242304801941
551,1.4815360307693481
552,1.5451475381851196
553,1.609894037246704
554,1.5273642539978027
555,1.548487901687622
556,1.5634838342666626
557,1.7048231363296509
558,1.5822856426239014
559,1.5042349100112915
560,1.5250132083892822
561,1.5551151037216187
562,1.419255018234253
563,1.3737671375274658
564,1.3482089042663574
565,1.3419653177261353
566,1.3631846904754639
567,1.3463256359100342
568,1.3828154802322388
569,1.3188437223434448
570,1.369247555732727
571,1.466842770576477
572,1.37882399559021
573,1.3861039876937866
574,1.4286296367645264
575,1.3724826574325562
576,1.4259642362594604
577,1.4478230476379395
578,1.43270742893219
579,1.523133397102356
580,1.3789016008377075
581,1.4239689111709595
582,1.4692070484161377
583,1.5090041160583496
584,1.390468955039978
585,1.405432105064392
586,1.360656499862671
587,1.3296993970870972
588,1.3196170330047607
589,1.3096797466278076
590,1.249629259109497
591,1.2176905870437622
592,1.2864700555801392
593,1.293691873550415
594,1.4302687644958496
595,1.3877185583114624
596,1.3140608072280884
597,1.1636217832565308
598,1.2657885551452637
599,1.2025015354156494
600,1.324736475944519
601,1.2496947050094604
602,1.4962515830993652
603,1.6262332201004028
604,1.4719760417938232
605,1.6505885124206543
606,1.5238089561462402
607,1.5797219276428223
608,1.4962955713272095
609,1.6313159465789795
610,1.5807744264602661
611,1.5723859071731567
612,1.5433093309402466
613,1.4902527332305908
614,1.4872342348098755
615,1.4706932306289673
616,1.4864524602890015
617,1.4362963438034058
618,1.4254764318466187
619,1.4275249242782593
620,1.419029951095581
621,1.4166427850723267
622,1.3790351152420044
623,1.375226378440857
624,1.3583441972732544
625,1.3660823106765747
626,1.2819998264312744
627,1.3273999691009521
628,1.3428171873092651
629,1.3404525518417358
630,1.3293639421463013
631,1.3293639421463013
632,1.2784250974655151
633,1.3102433681488037
634,1.215266227722168
635,1.3117021322250366
636,1.2919213771820068
637,1.31728196144104
638,1.2859842777252197
639,1.33291757106781
640,1.346697211265564
641,1.417420506477356
642,1.453317642211914
643,1.337870478630066
644,1.4310756921768188
645,1.4642060995101929
646,1.3508973121643066
647,1.3766915798187256
648,1.4872571229934692
649,1.434184193611145
650,1.397526502609253
651,1.5899771451950073
652,1.5449572801589966
653,1.5288798809051514
654,1.4289039373397827
655,1.4742501974105835
656,1.3980772495269775
657,1.5389326810836792
658,1.511359453201294
659,1.5425975322723389
660,1.5537292957305908
661,1.4554896354675293
662,1.5203152894973755
663,1.4457298517227173
664,1.489478588104248
665,1.5075054168701172
666,1.4601335525512695
667,1.6591782569885254
668,1.580305814743042
669,1.674748420715332
670,1.5831435918807983
671,1.5512950420379639
672,1.5210182666778564
673,1.5365864038467407
674,1.4621247053146362
675,1.5110281705856323
676,1.5538344383239746
677,1.5414254665374756
678,1.5973525047302246
679,1.5729809999465942
680,1.6551146507263184
681,1.5174018144607544
682,1.5863001346588135
683,1.4905641078948975
684,1.4882550239562988
685,1.4909768104553223
686,1.4647486209869385
687,1.5017844438552856
688,1.4762133359909058
689,1.5169528722763062
690,1.4886980056762695
691,1.513716220855713
692,1.5108578205108643
693,1.4864016771316528
694,1.5614993572235107
695,1.459154486656189
696,1.5886188745498657
697,1.503231406211853
698,1.5343281030654907
699,1.531846523284912
700,1.5224705934524536
701,1.5224705934524536
702,1.5224705934524536
703,1.5224705934524536
704,1.5224705934524536
705,1.5224705934524536
706,1.5224705934524536
707,1.5224705934524536
708,1.5224705934524536
709,1.5224705934524536
710,1.5224705934524536
711,1.5224705934524536
712,1.5224705934524536
713,1.5224705934524536
714,1.5224705934524536
715,1.5224705934524536
716,1.5224705934524536
717,1.5224705934524536
718,1.5224705934524536
719,1.5224705934524536
720,1.5224705934524536
721,1.5224705934524536
722,1.5224705934524536
723,1.5224705934524536
724,1.5224705934524536
725,1.5224705934524536
726,1.5224705934524536
727,1.5224705934524536
728,1.5224705934524536
729,1.5224705934524536
730,1.5224705934524536
731,1.5224705934524536
732,1.5224705934524536
733,1.5224705934524536
734,1.5224705934524536
735,1.5224705934524536
736,1.5224705934524536
737,1.5224705934524536
738,1.5224705934524536
739,1.5343281030654907
740,1.5343281030654907
741,1.5343281030654907
742,1.531846523284912
743,1.5224705934524536
744,1.5224705934524536
745,1.5224705934524536
746,1.5224705934524536
747,1.5343281030654907
748,1.5343281030654907
749,1.5343281030654907
750,1.5343281030654907
751,1.5343281030654907
752,1.5343281030654907
753,1.5343281030654907
754,1.5343281030654907
755,1.5343281030654907
756,1.5343281030654907
757,1.5343281030654907
758,1.5343281030654907
759,1.5343281030654907
760,1.5343281030654907
761,1.5343281030654907
762,1.5343281030654907
763,1.5343281030654907
764,1.5343281030654907
765,1.5343281030654907
766,1.5343281030654907
767,1.5343281030654907
768,1.5343281030654907
769,1.5343281030654907
770,1.5343281030654907
771,1.5343281030654907
772,1.5343281030654907
773,1.5343281030654907
774,1.5201456546783447
775,1.5201456546783447
776,1.5201456546783447
777,1.5201456546783447
778,1.5201456546783447
779,1.5201456546783447
780,1.5201456546783447
781,1.5175074338912964
782,1.5175074338912964
783,1.5175074338912964
784,1.5145680904388428
785,1.5145680904388428
786,1.5145680904388428
787,1.5145680904388428
788,1.5145680904388428
789,1.5145680904388428
790,1.5145680904388428
791,1.5145680904388428
792,1.4725940227508545
793,1.4559510946273804
794,1.42885160446167
795,1.4636049270629883
796,1.4033232927322388
797,1.5284017324447632
798,1.5567717552185059
799,1.6727721691131592
800,1.561924934387207
801,1.5845401287078857
802,1.563852071762085
803,1.386468768119812
804,1.5362681150436401
805,1.615483283996582
806,1.5710119009017944
807,1.5573973655700684
808,1.4545141458511353
809,1.5334055423736572
810,1.5675814151763916
811,1.5766860246658325
812,1.476190209388733
813,1.4984557628631592
814,1.5997202396392822
815,1.649437665939331
816,1.5602378845214844
817,1.7101588249206543
818,1.609879970550537
819,1.5544277429580688
820,1.5180671215057373
821,1.4771391153335571
822,1.4859213829040527
823,1.5355653762817383
824,1.6645877361297607
825,1.5784049034118652
826,1.5808639526367188
827,1.580353021621704
828,1.5746574401855469
829,1.5467504262924194
830,1.607223391532898
831,1.5922836065292358
832,1.6570322513580322
833,1.6671168804168701
834,1.6199818849563599
835,1.6438407897949219
836,1.693886160850525
837,1.505894660949707
838,1.711981177330017
839,1.639115333557129
840,1.6234546899795532
841,1.6869109869003296
842,1.5833566188812256
843,1.6386420726776123
844,1.6604212522506714
845,1.6703479290008545
846,1.6356371641159058
847,1.6404370069503784
848,1.6776816844940186
849,1.5364868640899658
850,1.6058977842330933
851,1.6055327653884888
852,1.6931592226028442
853,1.5985255241394043
854,1.590280294418335
855,1.4789553880691528
856,1.5302013158798218
857,1.5031821727752686
858,1.4768500328063965
859,1.3800894021987915
860,1.4469311237335205
861,1.5365135669708252
862,1.5007168054580688
863,1.488248586654663
864,1.5854525566101074
865,1.6357237100601196
866,1.5451326370239258
867,1.6955485343933105
868,1.5621923208236694
869,1.6461454629898071
870,1.6414622068405151
871,1.6911380290985107
872,1.6911380290985107
873,1.6564974784851074
874,1.6163512468338013
875,1.5861856937408447
876,1.520908236503601
877,1.591884970664978
878,1.5488003492355347
879,1.5975795984268188
880,1.5092297792434692
881,1.5364066362380981
882,1.7432212829589844
883,1.796175479888916
884,1.5848784446716309
885,1.707418441772461
886,1.707418441772461
887,1.707418441772461
888,1.707418441772461
889,1.707418441772461
890,1.707418441772461
891,1.707418441772461
892,1.707418441772461
893,1.707418441772461
894,1.707418441772461
895,1.707418441772461
896,1.707418441772461
897,1.707418441772461
898,1.707418441772461
899,1.707418441772461
900,1.707418441772461
901,1.707418441772461
902,1.707418441772461
903,1.707418441772461
904,1.707418441772461
905,1.707418441772461
906,1.707418441772461
907,1.707418441772461
908,1.707418441772461
909,1.707418441772461
910,1.707418441772461
911,1.707418441772461
912,1.707418441772461
913,1.707418441772461
914,1.707418441772461
915,1.707418441772461
916,1.707418441772461
917,1.707418441772461
918,1.707418441772461
919,1.707418441772461
920,1.707418441772461
921,1.707418441772461
922,1.707418441772461
923,1.707418441772461
924,1.707418441772461
925,1.707418441772461
926,1.707418441772461
927,1.707418441772461
928,1.707418441772461
929,1.707418441772461
930,1.707418441772461
931,1.707418441772461
932,1.707418441772461
933,1.707418441772461
934,1.707418441772461
935,1.707418441772461
936,1.707418441772461
937,1.707418441772461
938,1.707418441772461
939,1.707418441772461
940,1.707418441772461
941,1.707418441772461
942,1.707418441772461
943,1.707418441772461
944,1.707418441772461
945,1.707418441772461
946,1.707418441772461
947,1.707418441772461
948,1.707418441772461
949,1.707418441772461
950,1.707418441772461
951,1.707418441772461
952,1.707418441772461
953,1.707418441772461
954,1.707418441772461
955,1.707418441772461
956,1.707418441772461
957,1.707418441772461
958,1.707418441772461
959,1.707418441772461
960,1.707418441772461
961,1.707418441772461
962,1.707418441772461
963,1.707418441772461
964,1.707418441772461
965,1.707418441772461
966,1.707418441772461
967,1.707418441772461
968,1.707418441772461
969,1.707418441772461
970,1.707418441772461
971,1.707418441772461
972,1.707418441772461
973,1.707418441772461
974,1.707418441772461
975,1.707418441772461
976,1.707418441772461
977,1.707418441772461
978,1.707418441772461
979,1.707418441772461
980,1.707418441772461
981,1.707418441772461
982,1.707418441772461
983,1.707418441772461
984,1.707418441772461
985,1.707418441772461
986,1.707418441772461
987,1.707418441772461
988,1.707418441772461
989,1.707418441772461
990,1.707418441772461
991,1.707418441772461
992,1.707418441772461
993,1.707418441772461
994,1.707418441772461
995,1.707418441772461
996,1.707418441772461
997,1.707418441772461
998,1.707418441772461
999,1.707418441772461
1000,1.707418441772461
1001,1.707418441772461
1002,1.707418441772461
1003,1.707418441772461
1004,1.707418441772461
1005,1.707418441772461
1006,1.707418441772461
1007,1.707418441772461
1008,1.707418441772461
1009,1.707418441772461
1010,1.707418441772461
1011,1.707418441772461
1012,1.707418441772461
1013,1.707418441772461
1014,1.707418441772461
1015,1.707418441772461
1016,1.707418441772461
1017,1.707418441772461
1018,1.707418441772461
1019,1.707418441772461
1020,1.707418441772461
1021,1.707418441772461
1022,1.707418441772461
1023,1.707418441772461
1024,1.707418441772461
1025,1.707418441772461
1026,1.707418441772461
1027,1.707418441772461
1028,1.707418441772461
1029,1.707418441772461
1030,1.707418441772461
1031,1.707418441772461
1032,1.707418441772461
1033,1.707418441772461
1034,1.707418441772461
1035,1.707418441772461
1036,1.707418441772461
1037,1.707418441772461
1038,1.707418441772461
1039,1.707418441772461
1040,1.707418441772461
1041,1.707418441772461
1042,1.707418441772461
1043,1.707418441772461
1044,1.707418441772461
1045,1.707418441772461
1046,1.707418441772461
1047,1.707418441772461
1048,1.707418441772461
1049,1.707418441772461
1050,1.707418441772461
1051,1.707418441772461
1052,1.707418441772461
1053,1.707418441772461
1054,1.707418441772461
1055,1.707418441772461
1056,1.707418441772461
1057,1.707418441772461
1058,1.707418441772461
1059,1.707418441772461
1060,1.707418441772461
1061,1.707418441772461
1062,1.707418441772461
1063,1.707418441772461
1064,1.707418441772461
1065,1.707418441772461
1066,1.707418441772461
1067,1.707418441772461
1068,1.707418441772461
1069,1.707418441772461
1070,1.707418441772461
1071,1.707418441772461
1072,1.707418441772461
1073,1.707418441772461
1074,1.707418441772461
1075,1.707418441772461
1076,1.707418441772461
1077,1.707418441772461
1078,1.707418441772461
1079,1.707418441772461
1080,1.707418441772461
1081,1.707418441772461
1082,1.707418441772461
1083,1.707418441772461
1084,1.707418441772461
1085,1.707418441772461
1086,1.707418441772461
1087,1.707418441772461
1088,1.707418441772461
1089,1.707418441772461
1090,1.707418441772461
1091,1.707418441772461
1092,1.707418441772461
1093,1.707418441772461
1094,1.707418441772461
1095,1.707418441772461
1096,1.707418441772461
1097,1.707418441772461
1098,1.707418441772461
1099,1.707418441772461
1100,1.707418441772461
1101,1.707418441772461
1102,1.707418441772461
1103,1.707418441772461
1104,1.707418441772461
1105,1.707418441772461
1106,1.707418441772461
1107,1.707418441772461
1108,1.707418441772461
1109,1.707418441772461
1110,1.707418441772461
1111,1.707418441772461
1112,1.707418441772461
1113,1.707418441772461
1114,1.707418441772461
1115,1.707418441772461
1116,1.707418441772461
1117,1.707418441772461
1118,1.707418441772461
1119,1.707418441772461
1120,1.707418441772461
1121,1.707418441772461
1122,1.707418441772461
1123,1.707418441772461
1124,1.707418441772461
1125,1.707418441772461
1126,1.707418441772461
1127,1.707418441772461
1128,1.707418441772461
1129,1.707418441772461
1130,1.707418441772461
1131,1.707418441772461
1132,1.707418441772461
1133,1.707418441772461
1134,1.707418441772461
1135,1.707418441772461
1136,1.707418441772461
1137,1.707418441772461
1138,1.707418441772461
1139,1.707418441772461
1140,1.707418441772461
1141,1.707418441772461
1142,1.707418441772461
1143,1.707418441772461
1144,1.707418441772461
1145,1.707418441772461
1146,1.707418441772461
1147,1.707418441772461
1148,1.707418441772461
1149,1.707418441772461
1150,1.707418441772461
1151,1.707418441772461
1152,1.707418441772461
1153,1.707418441772461
1154,1.707418441772461
1155,1.707418441772461
1156,1.707418441772461
1157,1.707418441772461
1158,1.707418441772461
1159,1.707418441772461
1160,1.707418441772461
1161,1.707418441772461
1162,1.707418441772461
1163,1.707418441772461
1164,1.707418441772461
1165,1.707418441772461
1166,1.707418441772461
1167,1.707418441772461
1168,1.707418441772461
1169,1.707418441772461
1170,1.707418441772461
1171,1.707418441772461
1172,1.707418441772461
1173,1.707418441772461
1174,1.707418441772461
1175,1.707418441772461
1176,1.707418441772461
1177,1.707418441772461
1178,1.707418441772461
1179,1.707418441772461
1180,1.707418441772461
1181,1.707418441772461
1182,1.707418441772461
1183,1.707418441772461
1184,1.707418441772461
1185,1.707418441772461
1186,1.707418441772461
1187,1.707418441772461
1188,1.707418441772461
1189,1.707418441772461
1190,1.707418441772461
1191,1.707418441772461
1192,1.707418441772461
1193,1.707418441772461
1194,1.707418441772461
1195,1.707418441772461
1196,1.707418441772461
1197,1.707418441772461
1198,1.707418441772461
1199,1.707418441772461
1200,1.707418441772461
1201,1.707418441772461
1202,1.707418441772461
1203,1.707418441772461
1204,1.707418441772461
1205,1.707418441772461
1206,1.707418441772461
1207,1.707418441772461
1208,1.707418441772461
1209,1.707418441772461
1210,1.707418441772461
1211,1.707418441772461
1212,1.707418441772461
1213,1.707418441772461
1214,1.707418441772461
1215,1.707418441772461
1216,1.707418441772461
1217,1.707418441772461
1218,1.707418441772461
1219,1.707418441772461
1220,1.707418441772461
1221,1.707418441772461
1222,1.707418441772461
1223,1.707418441772461
1224,1.707418441772461
1225,1.707418441772461
1226,1.707418441772461
1227,1.707418441772461
1228,1.707418441772461
1229,1.707418441772461
1230,1.707418441772461
1231,1.707418441772461
1232,1.707418441772461
1233,1.707418441772461
1234,1.707418441772461
1235,1.707418441772461
1236,1.707418441772461
1237,1.707418441772461
1238,1.707418441772461
1239,1.707418441772461
1240,1.707418441772461
1241,1.707418441772461
1242,1.707418441772461
1243,1.707418441772461
1244,1.707418441772461
1245,1.707418441772461
1246,1.707418441772461
1247,1.707418441772461
1248,1.707418441772461
1249,1.707418441772461
1250,1.707418441772461
1251,1.707418441772461
1252,1.707418441772461
1253,1.707418441772461
1254,1.707418441772461
1255,1.707418441772461
1256,1.707418441772461
1257,1.707418441772461
1258,1.707418441772461
1259,1.707418441772461
1260,1.707418441772461
1261,1.707418441772461
1262,1.707418441772461
1263,1.707418441772461
1264,1.707418441772461
1265,1.707418441772461
1266,1.707418441772461
1267,1.707418441772461
1268,1.707418441772461
1269,1.707418441772461
1270,1.707418441772461
1271,1.707418441772461
1272,1.707418441772461
1273,1.707418441772461
1274,1.707418441772461
1275,1.707418441772461
1276,1.707418441772461
1277,1.707418441772461
1278,1.707418441772461
1279,1.707418441772461
1280,1.707418441772461
1281,1.707418441772461
1282,1.707418441772461
1283,1.707418441772461
1284,1.707418441772461
1285,1.707418441772461
1286,1.707418441772461
1287,1.707418441772461
1288,1.707418441772461
1289,1.707418441772461
1290,1.707418441772461
1291,1.707418441772461
1292,1.707418441772461
1293,1.707418441772461
1294,1.707418441772461
1295,1.707418441772461
1296,1.707418441772461
1297,1.707418441772461
1298,1.707418441772461
1299,1.707418441772461
1300,1.707418441772461
1301,1.707418441772461
1302,1.707418441772461
1303,1.707418441772461
1304,1.707418441772461
1305,1.707418441772461
1306,1.707418441772461
1307,1.707418441772461
1308,1.707418441772461
1309,1.707418441772461
1310,1.707418441772461
1311,1.707418441772461
1312,1.707418441772461
1313,1.707418441772461
1314,1.707418441772461
1315,1.707418441772461
1316,1.707418441772461
1317,1.707418441772461
1318,1.707418441772461
1319,1.707418441772461
1320,1.707418441772461
1321,1.707418441772461
1322,1.707418441772461
1323,1.707418441772461
1324,1.707418441772461
1325,1.707418441772461
1326,1.707418441772461
1327,1.707418441772461
1328,1.707418441772461
1329,1.707418441772461
1330,1.707418441772461
1331,1.707418441772461
1332,1.707418441772461
1333,1.707418441772461
1334,1.707418441772461
1335,1.707418441772461
1336,1.707418441772461
1337,1.707418441772461
1338,1.707418441772461
1339,1.707418441772461
1340,1.707418441772461
1341,1.707418441772461
1342,1.707418441772461
1343,1.707418441772461
1344,1.707418441772461
1345,1.707418441772461
1346,1.707418441772461
1347,1.707418441772461
1348,1.707418441772461
1349,1.707418441772461
1350,1.707418441772461
1351,1.707418441772461
1352,1.707418441772461
1353,1.707418441772461
1354,1.707418441772461
1355,1.707418441772461
1356,1.707418441772461
1357,1.707418441772461
1358,1.707418441772461
1359,1.707418441772461
1360,1.707418441772461
1361,1.707418441772461
1362,1.707418441772461
1363,1.707418441772461
1364,1.707418441772461
1365,1.707418441772461
1366,1.707418441772461
1367,1.707418441772461
1368,1.707418441772461
1369,1.707418441772461
1370,1.707418441772461
1371,1.707418441772461
1372,1.707418441772461
1373,1.707418441772461
1374,1.707418441772461
1375,1.707418441772461
1376,1.707418441772461
1377,1.707418441772461
1378,1.707418441772461
1379,1.707418441772461
1380,1.707418441772461
1381,1.707418441772461
1382,1.707418441772461
1383,1.707418441772461
1384,1.707418441772461
1385,1.707418441772461
1386,1.707418441772461
1387,1.707418441772461
1388,1.707418441772461
1389,1.707418441772461
1390,1.707418441772461
1391,1.707418441772461
1392,1.707418441772461
1393,1.707418441772461
1394,1.707418441772461
1395,1.707418441772461
1396,1.707418441772461
1397,1.707418441772461
1398,1.707418441772461
1399,1.707418441772461
1400,1.707418441772461
1401,1.707418441772461
1402,1.707418441772461
1403,1.707418441772461
1404,1.707418441772461
1405,1.707418441772461
1406,1.707418441772461
1407,1.707418441772461
1408,1.707418441772461
1409,1.707418441772461
1410,1.707418441772461
1411,1.707418441772461
1412,1.707418441772461
1413,1.707418441772461
1414,1.707418441772461
1415,1.707418441772461
1416,1.707418441772461
1417,1.707418441772461
1418,1.707418441772461
1419,1.707418441772461
1420,1.707418441772461
1421,1.707418441772461
1422,1.707418441772461
1423,1.707418441772461
1424,1.707418441772461
1425,1.707418441772461
1426,1.707418441772461
1427,1.707418441772461
1428,1.707418441772461
1429,1.707418441772461
1430,1.707418441772461
1431,1.707418441772461
1432,1.707418441772461
1433,1.707418441772461
1434,1.707418441772461
1435,1.707418441772461
1436,1.707418441772461
1437,1.707418441772461
1438,1.707418441772461
1439,1.707418441772461
1440,1.707418441772461
1441,1.707418441772461
1442,1.707418441772461
1443,1.707418441772461
1444,1.707418441772461
1445,1.707418441772461
1446,1.707418441772461
1447,1.707418441772461
1448,1.707418441772461
1449,1.707418441772461
1450,1.707418441772461
1451,1.707418441772461
1452,1.707418441772461
1453,1.707418441772461
1454,1.707418441772461
1455,1.707418441772461
1456,1.707418441772461
1457,1.707418441772461
1458,1.707418441772461
1459,1.707418441772461
1460,1.707418441772461
1461,1.707418441772461
1462,1.707418441772461
1463,1.707418441772461
1464,1.707418441772461
1465,1.707418441772461
1466,1.707418441772461
1467,1.707418441772461
1468,1.707418441772461
1469,1.707418441772461
1470,1.707418441772461
1471,1.707418441772461
1472,1.707418441772461
1473,1.707418441772461
1474,1.707418441772461
1475,1.707418441772461
1476,1.707418441772461
1477,1.707418441772461
1478,1.707418441772461
1479,1.707418441772461
1480,1.707418441772461
1481,1.707418441772461
1482,1.707418441772461
1483,1.707418441772461
1484,1.707418441772461
1485,1.707418441772461
1486,1.707418441772461
1487,1.707418441772461
1488,1.707418441772461
1489,1.707418441772461
1490,1.707418441772461
1491,1.707418441772461
1492,1.707418441772461
1493,1.707418441772461
1494,1.707418441772461
1495,1.707418441772461
1496,1.707418441772461
1497,1.707418441772461
1498,1.707418441772461
1499,1.707418441772461
1500,1.707418441772461
1501,1.707418441772461
1502,1.707418441772461
1503,1.707418441772461
1504,1.707418441772461
1505,1.707418441772461
1506,1.707418441772461
1507,1.707418441772461
1508,1.707418441772461
1509,1.707418441772461
1510,1.707418441772461
1511,1.707418441772461
1512,1.707418441772461
1513,1.707418441772461
1514,1.707418441772461
1515,1.707418441772461
1516,1.707418441772461
1517,1.707418441772461
1518,1.707418441772461
1519,1.707418441772461
1520,1.707418441772461
1521,1.707418441772461
1522,1.707418441772461
1523,1.707418441772461
1524,1.707418441772461
1525,1.707418441772461
1526,1.707418441772461
1527,1.707418441772461
1528,1.707418441772461
1529,1.707418441772461
1530,1.707418441772461
1531,1.707418441772461
1532,1.707418441772461
1533,1.707418441772461
1534,1.707418441772461
1535,1.707418441772461
1536,1.707418441772461
1537,1.707418441772461
1538,1.707418441772461
1539,1.707418441772461
1540,1.707418441772461
1541,1.707418441772461
1542,1.707418441772461
1543,1.707418441772461
1544,1.707418441772461
1545,1.707418441772461
1546,1.707418441772461
1547,1.707418441772461
1548,1.707418441772461
1549,1.707418441772461
1550,1.707418441772461
1551,1.707418441772461
1552,1.707418441772461
1553,1.707418441772461
1554,1.707418441772461
1555,1.707418441772461
1556,1.707418441772461
1557,1.707418441772461
1558,1.707418441772461
1559,1.707418441772461
1560,1.707418441772461
1561,1.707418441772461
1562,1.707418441772461
1563,1.707418441772461
1564,1.707418441772461
1565,1.707418441772461
1566,1.707418441772461
1567,1.707418441772461
1568,1.707418441772461
1569,1.707418441772461
1570,1.707418441772461
1571,1.707418441772461
1572,1.707418441772461
1573,1.707418441772461
1574,1.707418441772461
1575,1.707418441772461
1576,1.707418441772461
1577,1.707418441772461
1578,1.707418441772461
1579,1.707418441772461
1580,1.707418441772461
1581,1.707418441772461
1582,1.707418441772461
1583,1.707418441772461
1584,1.707418441772461
1585,1.707418441772461
1586,1.707418441772461
1587,1.707418441772461
1588,1.707418441772461
1589,1.707418441772461
1590,1.707418441772461
1591,1.707418441772461
1592,1.707418441772461
1593,1.707418441772461
1594,1.707418441772461
1595,1.707418441772461
1596,1.707418441772461
1597,1.707418441772461
1598,1.707418441772461
1599,1.707418441772461
1600,1.707418441772461
1601,1.707418441772461
1602,1.707418441772461
1603,1.707418441772461
1604,1.707418441772461
1605,1.707418441772461
1606,1.707418441772461
1607,1.707418441772461
1608,1.707418441772461
1609,1.707418441772461
1610,1.707418441772461
1611,1.707418441772461
1612,1.707418441772461
1613,1.707418441772461
1614,1.707418441772461
1615,1.707418441772461
1616,1.707418441772461
1617,1.707418441772461
1618,1.707418441772461
1619,1.707418441772461
1620,1.707418441772461
1621,1.707418441772461
1622,1.707418441772461
1623,1.707418441772461
1624,1.707418441772461
1625,1.707418441772461
1626,1.707418441772461
1627,1.707418441772461
1628,1.707418441772461
1629,1.707418441772461
1630,1.707418441772461
1631,1.707418441772461
1632,1.707418441772461
1633,1.707418441772461
1634,1.707418441772461
1635,1.707418441772461
1636,1.707418441772461
1637,1.707418441772461
1638,1.707418441772461
1639,1.707418441772461
1640,1.707418441772461
1641,1.707418441772461
1642,1.707418441772461
1643,1.707418441772461
1644,1.707418441772461
1645,1.707418441772461
1646,1.707418441772461
1647,1.707418441772461
1648,1.707418441772461
1649,1.707418441772461
1650,1.707418441772461
1651,1.707418441772461
1652,1.707418441772461
1653,1.707418441772461
1654,1.707418441772461
1655,1.707418441772461
1656,1.707418441772461
1657,1.707418441772461
1658,1.707418441772461
1659,1.707418441772461
1660,1.707418441772461
1661,1.707418441772461
1662,1.707418441772461
1663,1.707418441772461
1664,1.707418441772461
1665,1.707418441772461
1666,1.707418441772461
1667,1.707418441772461
1668,1.707418441772461
1669,1.707418441772461
1670,1.707418441772461
1671,1.707418441772461
1672,1.707418441772461
1673,1.707418441772461
1674,1.707418441772461
1675,1.707418441772461
1676,1.707418441772461
1677,1.707418441772461
1678,1.707418441772461
1679,1.707418441772461
1680,1.707418441772461
1681,1.707418441772461
1682,1.707418441772461
1683,1.707418441772461
1684,1.707418441772461
1685,1.707418441772461
1686,1.707418441772461
1687,1.707418441772461
1688,1.707418441772461
1689,1.707418441772461
1690,1.707418441772461
1691,1.707418441772461
1692,1.707418441772461
1693,1.707418441772461
1694,1.707418441772461
1695,1.707418441772461
1696,1.707418441772461
1697,1.707418441772461
1698,1.707418441772461
1699,1.707418441772461
1700,1.707418441772461
1701,1.707418441772461
1702,1.707418441772461
1703,1.707418441772461
1704,1.707418441772461
1705,1.707418441772461
1706,1.707418441772461
1707,1.707418441772461
1708,1.707418441772461
1709,1.707418441772461
1710,1.707418441772461
1711,1.707418441772461
1712,1.707418441772461
1713,1.707418441772461
1714,1.707418441772461
1715,1.707418441772461
1716,1.707418441772461
1717,1.707418441772461
1718,1.707418441772461
1719,1.707418441772461
1720,1.707418441772461
1721,1.707418441772461
1722,1.707418441772461
1723,1.707418441772461
1724,1.707418441772461
1725,1.707418441772461
1726,1.707418441772461
1727,1.707418441772461
1728,1.707418441772461
1729,1.707418441772461
1730,1.707418441772461
1731,1.707418441772461
1732,1.707418441772461
1733,1.707418441772461
1734,1.707418441772461
1735,1.707418441772461
1736,1.707418441772461
1737,1.707418441772461
1738,1.707418441772461
1739,1.707418441772461
1740,1.707418441772461
1741,1.707418441772461
1742,1.707418441772461
1743,1.707418441772461
1744,1.707418441772461
1745,1.707418441772461
1746,1.707418441772461
1747,1.707418441772461
1748,1.707418441772461
1749,1.707418441772461
1750,1.707418441772461
1751,1.707418441772461
1752,1.707418441772461
1753,1.707418441772461
1754,1.707418441772461
1755,1.707418441772461
1756,1.707418441772461
1757,1.707418441772461
1758,1.707418441772461
1759,1.707418441772461
1760,1.707418441772461
1761,1.707418441772461
1762,1.707418441772461
1763,1.707418441772461
1764,1.707418441772461
1765,1.707418441772461
1766,1.707418441772461
1767,1.707418441772461
1768,1.707418441772461
1769,1.707418441772461
1770,1.707418441772461
1771,1.707418441772461
1772,1.707418441772461
1773,1.707418441772461
1774,1.707418441772461
1775,1.707418441772461
1776,1.707418441772461
1777,1.707418441772461
1778,1.707418441772461
1779,1.707418441772461
1780,1.707418441772461
1781,1.707418441772461
1782,1.707418441772461
1783,1.707418441772461
1784,1.707418441772461
1785,1.707418441772461
1786,1.707418441772461
1787,1.707418441772461
1788,1.707418441772461
1789,1.707418441772461
1790,1.707418441772461
1791,1.707418441772461
1792,1.707418441772461
1793,1.707418441772461
1794,1.707418441772461
1795,1.707418441772461
1796,1.707418441772461
1797,1.707418441772461
1798,1.707418441772461
1799,1.707418441772461
1800,1.707418441772461
1801,1.707418441772461
1802,1.707418441772461
1803,1.707418441772461
1804,1.707418441772461
1805,1.707418441772461
1806,1.707418441772461
1807,1.707418441772461
1808,1.707418441772461
1809,1.707418441772461
1810,1.707418441772461
1811,1.707418441772461
1812,1.707418441772461
1813,1.707418441772461
1814,1.707418441772461
1815,1.707418441772461
1816,1.707418441772461
1817,1.707418441772461
1818,1.707418441772461
1819,1.707418441772461
1820,1.707418441772461
1821,1.707418441772461
1822,1.707418441772461
1823,1.707418441772461
1824,1.707418441772461
1825,1.707418441772461
1826,1.707418441772461
1827,1.707418441772461
1828,1.707418441772461
1829,1.707418441772461
1830,1.707418441772461
1831,1.707418441772461
1832,1.707418441772461
1833,1.707418441772461
1834,1.707418441772461
1835,1.707418441772461
1836,1.707418441772461
1837,1.707418441772461
1838,1.707418441772461
1839,1.707418441772461
1840,1.707418441772461
1841,1.707418441772461
1842,1.707418441772461
1843,1.707418441772461
1844,1.707418441772461
1845,1.707418441772461
1846,1.707418441772461
1847,1.707418441772461
1848,1.707418441772461
1849,1.707418441772461
1850,1.707418441772461
1851,1.707418441772461
1852,1.707418441772461
1853,1.707418441772461
1854,1.707418441772461
1855,1.707418441772461
1856,1.707418441772461
1857,1.707418441772461
1858,1.707418441772461
1859,1.707418441772461
1860,1.707418441772461
1861,1.707418441772461
1862,1.707418441772461
1863,1.707418441772461
1864,1.707418441772461
1865,1.707418441772461
1866,1.707418441772461
1867,1.707418441772461
1868,1.707418441772461
1869,1.707418441772461
1870,1.707418441772461
1871,1.707418441772461
1872,1.707418441772461
1873,1.707418441772461
1874,1.707418441772461
1875,1.707418441772461
1876,1.707418441772461
1877,1.707418441772461
1878,1.707418441772461
1879,1.707418441772461
1880,1.707418441772461
1881,1.707418441772461
1882,1.707418441772461
1883,1.707418441772461
1884,1.707418441772461
1885,1.707418441772461
1886,1.707418441772461
1887,1.707418441772461
1888,1.707418441772461
1889,1.707418441772461
1890,1.707418441772461
1891,1.707418441772461
1892,1.707418441772461
1893,1.707418441772461
1894,1.707418441772461
1895,1.707418441772461
1896,1.707418441772461
1897,1.707418441772461
1898,1.707418441772461
1899,1.707418441772461
1900,1.707418441772461
1901,1.707418441772461
1902,1.707418441772461
1903,1.707418441772461
1904,1.707418441772461
1905,1.707418441772461
1906,1.707418441772461
1907,1.707418441772461
1908,1.707418441772461
1909,1.707418441772461
1910,1.707418441772461
1911,1.707418441772461
1912,1.707418441772461
1913,1.707418441772461
1914,1.707418441772461
1915,1.707418441772461
1916,1.707418441772461
1917,1.707418441772461
1918,1.707418441772461
1919,1.707418441772461
1920,1.707418441772461
1921,1.707418441772461
1922,1.707418441772461
1923,1.707418441772461
1924,1.707418441772461
1925,1.707418441772461
1926,1.707418441772461
1927,1.707418441772461
1928,1.707418441772461
1929,1.707418441772461
1930,1.707418441772461
1931,1.707418441772461
1932,1.707418441772461
1933,1.707418441772461
1934,1.707418441772461
1935,1.707418441772461
1936,1.707418441772461
1937,1.707418441772461
1938,1.707418441772461
1939,1.707418441772461
1940,1.707418441772461
1941,1.707418441772461
1942,1.707418441772461
1943,1.707418441772461
1944,1.707418441772461
1945,1.707418441772461
1946,1.707418441772461
1947,1.707418441772461
1948,1.707418441772461
1949,1.707418441772461
1950,1.707418441772461
1951,1.707418441772461
1952,1.707418441772461
1953,1.707418441772461
1954,1.707418441772461
1955,1.707418441772461
1956,1.707418441772461
1957,1.707418441772461
1958,1.707418441772461
1959,1.707418441772461
1960,1.707418441772461
1961,1.707418441772461
1962,1.707418441772461
1963,1.707418441772461
1964,1.707418441772461
1965,1.707418441772461
1966,1.707418441772461
1967,1.707418441772461
1968,1.707418441772461
1969,1.707418441772461
1970,1.707418441772461
1971,1.707418441772461
1972,1.707418441772461
1973,1.707418441772461
1974,1.707418441772461
1975,1.707418441772461
1976,1.707418441772461
1977,1.707418441772461
1978,1.707418441772461
1979,1.707418441772461
1980,1.707418441772461
1981,1.707418441772461
1982,1.707418441772461
1983,1.707418441772461
1984,1.707418441772461
1985,1.707418441772461
1986,1.707418441772461
1987,1.707418441772461
1988,1.707418441772461
1989,1.707418441772461
1990,1.707418441772461
1991,1.707418441772461
1992,1.707418441772461
1993,1.707418441772461
1994,1.707418441772461
1995,1.707418441772461
1996,1.707418441772461
1997,1.707418441772461
1998,1.707418441772461
1999,1.707418441772461
2000,1.707418441772461
2001,1.707418441772461
2002,1.707418441772461
2003,1.707418441772461
2004,1.707418441772461
2005,1.707418441772461
2006,1.707418441772461
2007,1.707418441772461
2008,1.707418441772461
2009,1.707418441772461
2010,1.707418441772461
2011,1.707418441772461
2012,1.707418441772461
2013,1.707418441772461
2014,1.707418441772461
2015,1.707418441772461
2016,1.707418441772461
2017,1.707418441772461
2018,1.707418441772461
2019,1.707418441772461
2020,1.707418441772461
2021,1.707418441772461
2022,1.707418441772461
2023,1.707418441772461
2024,1.707418441772461
2025,1.707418441772461
2026,1.707418441772461
2027,1.707418441772461
2028,1.707418441772461
2029,1.707418441772461
2030,1.707418441772461
2031,1.707418441772461
2032,1.707418441772461
2033,1.707418441772461
2034,1.707418441772461
2035,1.707418441772461
2036,1.707418441772461
2037,1.707418441772461
2038,1.707418441772461
2039,1.707418441772461
2040,1.707418441772461
2041,1.707418441772461
2042,1.707418441772461
2043,1.707418441772461
2044,1.707418441772461
2045,1.707418441772461
2046,1.707418441772461
2047,1.707418441772461
2048,1.707418441772461
2049,1.707418441772461
2050,1.707418441772461
2051,1.707418441772461
2052,1.707418441772461
2053,1.707418441772461
2054,1.707418441772461
2055,1.707418441772461
2056,1.707418441772461
2057,1.707418441772461
2058,1.707418441772461
2059,1.707418441772461
2060,1.707418441772461
2061,1.707418441772461
2062,1.707418441772461
2063,1.707418441772461
2064,1.707418441772461
2065,1.707418441772461
2066,1.707418441772461
2067,1.707418441772461
2068,1.707418441772461
2069,1.707418441772461
2070,1.707418441772461
2071,1.707418441772461
2072,1.707418441772461
2073,1.707418441772461
2074,1.707418441772461
2075,1.707418441772461
2076,1.707418441772461
2077,1.707418441772461
2078,1.707418441772461
2079,1.707418441772461
2080,1.707418441772461
2081,1.707418441772461
2082,1.707418441772461
2083,1.707418441772461
2084,1.707418441772461
2085,1.707418441772461
2086,1.707418441772461
2087,1.707418441772461
2088,1.707418441772461
2089,1.707418441772461
2090,1.707418441772461
2091,1.707418441772461
2092,1.707418441772461
2093,1.707418441772461
2094,1.707418441772461
2095,1.707418441772461
2096,1.707418441772461
2097,1.707418441772461
2098,1.707418441772461
2099,1.707418441772461
2100,1.707418441772461
2101,1.707418441772461
2102,1.707418441772461
2103,1.707418441772461
2104,1.707418441772461
2105,1.707418441772461
2106,1.707418441772461
2107,1.707418441772461
2108,1.707418441772461
2109,1.707418441772461
2110,1.707418441772461
2111,1.707418441772461
2112,1.707418441772461
2113,1.707418441772461
2114,1.707418441772461
2115,1.707418441772461
2116,1.707418441772461
2117,1.707418441772461
2118,1.707418441772461
2119,1.707418441772461
2120,1.707418441772461
2121,1.707418441772461
2122,1.707418441772461
2123,1.707418441772461
2124,1.707418441772461
2125,1.707418441772461
2126,1.707418441772461
2127,1.707418441772461
2128,1.707418441772461
2129,1.707418441772461
2130,1.707418441772461
2131,1.707418441772461
2132,1.707418441772461
2133,1.707418441772461
2134,1.707418441772461
2135,1.707418441772461
2136,1.707418441772461
2137,1.707418441772461
2138,1.707418441772461
2139,1.707418441772461
2140,1.707418441772461
2141,1.707418441772461
2142,1.707418441772461
2143,1.707418441772461
2144,1.707418441772461
2145,1.707418441772461
2146,1.707418441772461
2147,1.707418441772461
2148,1.707418441772461
2149,1.707418441772461
2150,1.707418441772461
2151,1.707418441772461
2152,1.707418441772461
2153,1.707418441772461
2154,1.707418441772461
2155,1.707418441772461
2156,1.707418441772461
2157,1.707418441772461
2158,1.707418441772461
2159,1.707418441772461
2160,1.707418441772461
2161,1.707418441772461
2162,1.707418441772461
2163,1.707418441772461
2164,1.707418441772461
2165,1.707418441772461
2166,1.707418441772461
2167,1.707418441772461
2168,1.707418441772461
2169,1.707418441772461
2170,1.707418441772461
2171,1.707418441772461
2172,1.707418441772461
2173,1.707418441772461
2174,1.707418441772461
2175,1.707418441772461
2176,1.707418441772461
2177,1.707418441772461
2178,1.707418441772461
2179,1.707418441772461
2180,1.707418441772461
2181,1.707418441772461
2182,1.707418441772461
2183,1.707418441772461
2184,1.707418441772461
2185,1.707418441772461
2186,1.707418441772461
2187,1.707418441772461
2188,1.707418441772461
2189,1.707418441772461
2190,1.707418441772461
2191,1.707418441772461
2192,1.707418441772461
2193,1.707418441772461
2194,1.707418441772461
2195,1.707418441772461
2196,1.707418441772461
2197,1.707418441772461
2198,1.707418441772461
2199,1.707418441772461
2200,1.707418441772461
2201,1.707418441772461
2202,1.707418441772461
2203,1.707418441772461
2204,1.707418441772461
2205,1.707418441772461
2206,1.707418441772461
2207,1.707418441772461
2208,1.707418441772461
2209,1.707418441772461
2210,1.707418441772461
2211,1.707418441772461
2212,1.707418441772461
2213,1.707418441772461
2214,1.707418441772461
2215,1.707418441772461
2216,1.707418441772461
2217,1.707418441772461
2218,1.707418441772461
2219,1.707418441772461
2220,1.707418441772461
2221,1.707418441772461
2222,1.707418441772461
2223,1.707418441772461
2224,1.707418441772461
2225,1.707418441772461
2226,1.707418441772461
2227,1.707418441772461
2228,1.707418441772461
2229,1.707418441772461
2230,1.707418441772461
2231,1.707418441772461
2232,1.707418441772461
2233,1.707418441772461
2234,1.707418441772461
2235,1.707418441772461
2236,1.707418441772461
2237,1.707418441772461
2238,1.707418441772461
2239,1.707418441772461
2240,1.707418441772461
2241,1.707418441772461
2242,1.707418441772461
2243,1.707418441772461
2244,1.707418441772461
2245,1.707418441772461
2246,1.707418441772461
2247,1.707418441772461
2248,1.707418441772461
2249,1.707418441772461
2250,1.707418441772461
2251,1.707418441772461
2252,1.707418441772461
2253,1.707418441772461
2254,1.707418441772461
2255,1.707418441772461
2256,1.707418441772461
2257,1.707418441772461
2258,1.707418441772461
2259,1.707418441772461
2260,1.707418441772461
2261,1.707418441772461
2262,1.707418441772461
2263,1.707418441772461
2264,1.707418441772461
2265,1.707418441772461
2266,1.707418441772461
2267,1.707418441772461
2268,1.707418441772461
2269,1.707418441772461
2270,1.707418441772461
2271,1.707418441772461
2272,1.707418441772461
2273,1.707418441772461
2274,1.707418441772461
2275,1.707418441772461
2276,1.707418441772461
2277,1.707418441772461
2278,1.707418441772461
2279,1.707418441772461
2280,1.707418441772461
2281,1.707418441772461
2282,1.707418441772461
2283,1.707418441772461
2284,1.707418441772461
2285,1.707418441772461
2286,1.707418441772461
2287,1.707418441772461
2288,1.707418441772461
2289,1.707418441772461
2290,1.707418441772461
2291,1.707418441772461
2292,1.707418441772461
2293,1.707418441772461
2294,1.707418441772461
2295,1.707418441772461
2296,1.707418441772461
2297,1.707418441772461
2298,1.707418441772461
2299,1.707418441772461
2300,1.707418441772461
2301,1.707418441772461
2302,1.707418441772461
2303,1.707418441772461
2304,1.707418441772461
2305,1.707418441772461
2306,1.707418441772461
2307,1.707418441772461
2308,1.707418441772461
2309,1.707418441772461
2310,1.707418441772461
2311,1.707418441772461
2312,1.707418441772461
2313,1.707418441772461
2314,1.707418441772461
2315,1.707418441772461
2316,1.707418441772461
2317,1.707418441772461
2318,1.707418441772461
2319,1.707418441772461
2320,1.707418441772461
2321,1.707418441772461
2322,1.707418441772461
2323,1.707418441772461
2324,1.707418441772461
2325,1.707418441772461
2326,1.707418441772461
2327,1.707418441772461
2328,1.707418441772461
2329,1.707418441772461
2330,1.707418441772461
2331,1.707418441772461
2332,1.707418441772461
2333,1.707418441772461
2334,1.707418441772461
2335,1.707418441772461
2336,1.707418441772461
2337,1.707418441772461
2338,1.707418441772461
2339,1.707418441772461
2340,1.707418441772461
2341,1.707418441772461
2342,1.707418441772461
2343,1.707418441772461
2344,1.707418441772461
2345,1.707418441772461
2346,1.707418441772461
2347,1.707418441772461
2348,1.707418441772461
2349,1.707418441772461
2350,1.707418441772461
2351,1.707418441772461
2352,1.707418441772461
2353,1.707418441772461
2354,1.707418441772461
2355,1.707418441772461
2356,1.707418441772461
2357,1.707418441772461
2358,1.707418441772461
2359,1.707418441772461
2360,1.707418441772461
2361,1.707418441772461
2362,1.707418441772461
2363,1.707418441772461
2364,1.707418441772461
2365,1.707418441772461
2366,1.707418441772461
2367,1.707418441772461
2368,1.707418441772461
2369,1.707418441772461
2370,1.707418441772461
2371,1.707418441772461
2372,1.707418441772461
2373,1.707418441772461
2374,1.707418441772461
2375,1.707418441772461
2376,1.707418441772461
2377,1.707418441772461
2378,1.707418441772461
2379,1.707418441772461
2380,1.707418441772461
2381,1.707418441772461
2382,1.707418441772461
2383,1.707418441772461
2384,1.707418441772461
2385,1.707418441772461
2386,1.707418441772461
2387,1.707418441772461
2388,1.707418441772461
2389,1.707418441772461
2390,1.707418441772461
2391,1.707418441772461
2392,1.707418441772461
2393,1.707418441772461
2394,1.707418441772461
2395,1.707418441772461
2396,1.707418441772461
2397,1.707418441772461
2398,1.707418441772461
2399,1.707418441772461
2400,1.707418441772461
2401,1.707418441772461
2402,1.707418441772461
2403,1.707418441772461
2404,1.707418441772461
2405,1.707418441772461
2406,1.707418441772461
2407,1.707418441772461
2408,1.707418441772461
2409,1.707418441772461
2410,1.707418441772461
2411,1.707418441772461
2412,1.707418441772461
2413,1.707418441772461
2414,1.707418441772461
2415,1.707418441772461
2416,1.707418441772461
2417,1.707418441772461
2418,1.707418441772461
2419,1.707418441772461
2420,1.707418441772461
2421,1.707418441772461
2422,1.707418441772461
2423,1.707418441772461
2424,1.707418441772461
2425,1.707418441772461
2426,1.707418441772461
2427,1.707418441772461
2428,1.707418441772461
2429,1.707418441772461
2430,1.707418441772461
2431,1.707418441772461
2432,1.707418441772461
2433,1.707418441772461
2434,1.707418441772461
2435,1.707418441772461
2436,1.707418441772461
2437,1.707418441772461
2438,1.707418441772461
2439,1.707418441772461
2440,1.707418441772461
2441,1.707418441772461
2442,1.707418441772461
2443,1.707418441772461
2444,1.707418441772461
2445,1.707418441772461
2446,1.707418441772461
2447,1.707418441772461
2448,1.707418441772461
2449,1.707418441772461
2450,1.707418441772461
2451,1.707418441772461
2452,1.707418441772461
2453,1.707418441772461
2454,1.707418441772461
2455,1.707418441772461
2456,1.707418441772461
2457,1.707418441772461
2458,1.707418441772461
2459,1.707418441772461
2460,1.707418441772461
2461,1.707418441772461
2462,1.707418441772461
2463,1.707418441772461
2464,1.707418441772461
2465,1.707418441772461
2466,1.707418441772461
2467,1.707418441772461
2468,1.707418441772461
2469,1.707418441772461
2470,1.707418441772461
